{"nm":"bot 01 12 thanks","mn":"","layers":[{"ty":5,"nm":"HI !","mn":"","sr":1,"st":-242,"op":213,"ip":64,"hd":false,"cl":"","ln":"","ddd":0,"bm":0,"hasMask":false,"ao":0,"ks":{"a":{"a":0,"k":[-2.07,-20.22,0],"ix":1},"s":{"a":0,"k":[100,100,100],"ix":6},"sk":{"a":0,"k":0},"p":{"a":0,"k":[298.93,-188.22,0],"ix":2},"sa":{"a":0,"k":0},"o":{"a":1,"k":[{"o":{"x":0.333,"y":0},"i":{"x":0.667,"y":1},"s":[100],"t":205},{"o":{"x":0.167,"y":0.167},"i":{"x":0.833,"y":0.833},"s":[0],"t":210}],"ix":11},"r":{"a":0,"k":0,"ix":10}},"ef":[],"t":{"m":{"a":{"a":0,"k":[0,0],"ix":2},"g":1},"p":{},"a":[],"d":{"k":[{"s":{"f":"AllianzSans-Regular","s":67,"t":"HI !","fc":[0.055,0,0.3,1],"lh":80.4,"tr":0,"j":2,"ca":0},"t":0}]}},"ind":1,"parent":2},{"ty":4,"nm":"Shape Layer 5","mn":"","sr":1,"st":-242,"op":213,"ip":64,"hd":false,"cl":"","ln":"","ddd":0,"bm":0,"hasMask":false,"ao":0,"ks":{"a":{"a":0,"k":[138.471,-53.471,0],"ix":1},"s":{"a":1,"k":[{"o":{"x":0.167,"y":0.167},"i":{"x":0.667,"y":1},"s":[0,0,100],"t":64},{"o":{"x":0.333,"y":0},"i":{"x":0.667,"y":1},"s":[111.901,111.901,100],"t":72},{"o":{"x":0.333,"y":0},"i":{"x":0.667,"y":1},"s":[96.355,96.355,100],"t":81},{"o":{"x":0.167,"y":0.167},"i":{"x":0.833,"y":0.833},"s":[100,100,100],"t":92}],"ix":6},"sk":{"a":0,"k":0},"p":{"a":0,"k":[638.5,446.5,0],"ix":2},"sa":{"a":0,"k":0},"o":{"a":1,"k":[{"o":{"x":0.333,"y":0},"i":{"x":0.667,"y":1},"s":[100],"t":205},{"o":{"x":0.167,"y":0.167},"i":{"x":0.833,"y":0.833},"s":[0],"t":210}],"ix":11},"r":{"a":0,"k":0,"ix":10}},"ef":[],"shapes":[{"ty":"gr","bm":0,"cl":"","ln":"","hd":false,"mn":"ADBE Vector Group","nm":"Rectangle 1","ix":1,"cix":2,"np":3,"it":[{"ty":"gr","bm":0,"cl":"","ln":"","hd":false,"mn":"ADBE Vector Group","nm":"Group 1","ix":1,"cix":2,"np":2,"it":[{"ty":"rc","bm":0,"cl":"","ln":"","hd":false,"mn":"ADBE Vector Shape - Rect","nm":"Rectangle Path 1","d":1,"p":{"a":0,"k":[0,0],"ix":3},"r":{"a":0,"k":146,"ix":4},"s":{"a":0,"k":[246,182],"ix":2}},{"ty":"sh","bm":0,"cl":"","ln":"","hd":false,"mn":"ADBE Vector Shape - Group","nm":"Path 1","ix":2,"d":1,"ks":{"a":0,"k":{"c":true,"i":[[0,0],[0,0],[0,0]],"o":[[0,0],[0,0],[0,0]],"v":[[-29.5,54],[-143.5,123],[-84,9.5]]},"ix":2}},{"ty":"tr","a":{"a":0,"k":[0,0],"ix":1},"s":{"a":0,"k":[100,100],"ix":3},"sk":{"a":0,"k":0,"ix":4},"p":{"a":0,"k":[0,0],"ix":2},"r":{"a":0,"k":0,"ix":6},"sa":{"a":0,"k":0,"ix":5},"o":{"a":0,"k":100,"ix":7}}]},{"ty":"fl","bm":0,"cl":"","ln":"","hd":false,"mn":"ADBE Vector Graphic - Fill","nm":"Fill 1","c":{"a":0,"k":[1,1,1,1],"ix":4},"r":1,"o":{"a":0,"k":100,"ix":5}},{"ty":"st","bm":0,"cl":"","ln":"","hd":false,"mn":"ADBE Vector Graphic - Stroke","nm":"Stroke 1","lc":2,"lj":2,"ml":1,"o":{"a":0,"k":100,"ix":4},"w":{"a":0,"k":18,"ix":5},"d":[],"c":{"a":0,"k":[0.055,0,0.3,1],"ix":3}},{"ty":"tr","a":{"a":0,"k":[0,0],"ix":1},"s":{"a":0,"k":[100,100],"ix":3},"sk":{"a":0,"k":0,"ix":4},"p":{"a":0,"k":[294,-189],"ix":2},"r":{"a":0,"k":0,"ix":6},"sa":{"a":0,"k":0,"ix":5},"o":{"a":0,"k":100,"ix":7}}]}],"ind":2},{"ty":4,"nm":"Shape Layer 7","mn":"","sr":1,"st":0,"op":480,"ip":0,"hd":false,"cl":"","ln":"","ddd":0,"bm":0,"hasMask":false,"td":1,"ao":0,"ks":{"a":{"a":0,"k":[57.25,13.25,0],"ix":1},"s":{"a":0,"k":[250,250,100],"ix":6},"sk":{"a":0,"k":0},"p":{"a":1,"k":[{"o":{"x":0.333,"y":0},"i":{"x":0.57,"y":1},"s":[500,525,0],"t":35},{"o":{"x":0.59,"y":0},"i":{"x":0.667,"y":1},"s":[500,587,0],"t":55},{"o":{"x":0.333,"y":0},"i":{"x":0.21,"y":1},"s":[500,505,0],"t":73},{"o":{"x":0.167,"y":0.167},"i":{"x":0.833,"y":0.833},"s":[500,525,0],"t":107}],"ix":2},"sa":{"a":0,"k":0},"o":{"a":0,"k":100,"ix":11},"r":{"a":1,"k":[{"o":{"x":0.686,"y":0},"i":{"x":0.667,"y":1},"s":[0],"t":18},{"o":{"x":0.333,"y":0},"i":{"x":0.667,"y":1},"s":[10.5],"t":55.416},{"o":{"x":0.333,"y":0},"i":{"x":0.667,"y":1},"s":[-11.377],"t":82},{"o":{"x":0.333,"y":0},"i":{"x":0.507,"y":1},"s":[8.246],"t":108},{"o":{"x":0.333,"y":0},"i":{"x":0.329,"y":1},"s":[-5.383],"t":133},{"o":{"x":0.167,"y":0.167},"i":{"x":0.833,"y":0.833},"s":[0],"t":174}],"ix":10}},"ef":[],"shapes":[{"ty":"gr","bm":0,"cl":"","ln":"","hd":false,"mn":"ADBE Vector Group","nm":"Ellipse 4","ix":1,"cix":2,"np":2,"it":[{"ty":"el","bm":0,"cl":"","ln":"","hd":false,"mn":"ADBE Vector Shape - Ellipse","nm":"Ellipse Path 2","d":1,"p":{"a":0,"k":[-161,-8],"ix":3},"s":{"a":0,"k":[121.5,106.5],"ix":2}},{"ty":"fl","bm":0,"cl":"","ln":"","hd":false,"mn":"ADBE Vector Graphic - Fill","nm":"Fill 2","c":{"a":0,"k":[0.2226,0.0968,0.7832,1],"ix":4},"r":1,"o":{"a":0,"k":100,"ix":5}},{"ty":"tr","a":{"a":0,"k":[-162.75,-2.25],"ix":1},"s":{"a":1,"k":[{"o":{"x":0.167,"y":0.167},"i":{"x":0.833,"y":0.833},"s":[100,99.364],"t":0},{"o":{"x":0.167,"y":0},"i":{"x":0.667,"y":1},"s":[100,99.364],"t":23},{"o":{"x":0.333,"y":0},"i":{"x":0.39,"y":1},"s":[100,99.364],"t":40},{"o":{"x":0.599,"y":0},"i":{"x":0.64,"y":1},"s":[100,86.364],"t":55},{"o":{"x":0.167,"y":0.167},"i":{"x":0.833,"y":0.833},"s":[100,99.364],"t":81}],"ix":3},"sk":{"a":0,"k":0,"ix":4},"p":{"a":1,"k":[{"o":{"x":0.167,"y":0.167},"i":{"x":0.833,"y":0.833},"s":[56.5,1],"t":0},{"o":{"x":0.167,"y":0.167},"i":{"x":0.667,"y":0.667},"s":[56.5,1],"t":23},{"o":{"x":0.333,"y":0},"i":{"x":0.39,"y":1},"s":[56.5,1],"t":40},{"o":{"x":0.56,"y":0},"i":{"x":0.22,"y":1},"s":[56.5,25],"t":55},{"o":{"x":0.167,"y":0.167},"i":{"x":0.833,"y":0.833},"s":[56.5,1],"t":81}],"ix":2},"r":{"a":0,"k":0,"ix":6},"sa":{"a":0,"k":0,"ix":5},"o":{"a":0,"k":100,"ix":7}}]}],"ind":3},{"ty":4,"nm":"Shape Layer 6","mn":"","sr":1,"st":0,"op":480,"ip":0,"hd":false,"cl":"","ln":"","ddd":0,"bm":0,"tt":2,"hasMask":false,"ao":0,"ks":{"a":{"a":0,"k":[57.25,13.25,0],"ix":1},"s":{"a":0,"k":[250,250,100],"ix":6},"sk":{"a":0,"k":0},"p":{"a":1,"k":[{"o":{"x":0.333,"y":0},"i":{"x":0.57,"y":1},"s":[500,525,0],"t":35},{"o":{"x":0.59,"y":0},"i":{"x":0.667,"y":1},"s":[500,587,0],"t":55},{"o":{"x":0.333,"y":0},"i":{"x":0.21,"y":1},"s":[500,505,0],"t":73},{"o":{"x":0.167,"y":0.167},"i":{"x":0.833,"y":0.833},"s":[500,525,0],"t":107}],"ix":2},"sa":{"a":0,"k":0},"o":{"a":0,"k":100,"ix":11},"r":{"a":1,"k":[{"o":{"x":0.686,"y":0},"i":{"x":0.667,"y":1},"s":[0],"t":18},{"o":{"x":0.333,"y":0},"i":{"x":0.667,"y":1},"s":[10.5],"t":55.416},{"o":{"x":0.333,"y":0},"i":{"x":0.667,"y":1},"s":[-11.377],"t":82},{"o":{"x":0.333,"y":0},"i":{"x":0.507,"y":1},"s":[8.246],"t":108},{"o":{"x":0.333,"y":0},"i":{"x":0.329,"y":1},"s":[-5.383],"t":133},{"o":{"x":0.167,"y":0.167},"i":{"x":0.833,"y":0.833},"s":[0],"t":174}],"ix":10}},"ef":[],"shapes":[{"ty":"gr","bm":0,"cl":"","ln":"","hd":false,"mn":"ADBE Vector Group","nm":"Ellipse 1","ix":1,"cix":2,"np":3,"it":[{"ty":"sh","bm":0,"cl":"","ln":"","hd":false,"mn":"ADBE Vector Shape - Group","nm":"Path 1","ix":1,"d":1,"ks":{"a":0,"k":{"c":true,"i":[[-38.246,0],[0,-38.246],[38.246,0],[12.551,12.678],[0,0],[0.306,6.54],[0,8.611]],"o":[[38.246,0],[0,38.246],[-19.249,0],[-5.535,0.032],[0,0],[-2.872,-7.605],[0,-38.246]],"v":[[0,-69.25],[69.25,0],[0,69.25],[-49.215,48.718],[-64.546,48.81],[-64.806,24.46],[-69.25,0]]},"ix":2}},{"ty":"st","bm":0,"cl":"","ln":"","hd":false,"mn":"ADBE Vector Graphic - Stroke","nm":"Stroke 1","lc":1,"lj":1,"ml":4,"o":{"a":0,"k":100,"ix":4},"w":{"a":0,"k":4,"ix":5},"d":[],"c":{"a":0,"k":[0.055,0,0.3,1],"ix":3}},{"ty":"fl","bm":0,"cl":"","ln":"","hd":false,"mn":"ADBE Vector Graphic - Fill","nm":"Fill 1","c":{"a":0,"k":[1,1,1,1],"ix":4},"r":1,"o":{"a":0,"k":100,"ix":5}},{"ty":"tr","a":{"a":0,"k":[0,0],"ix":1},"s":{"a":0,"k":[100,100],"ix":3},"sk":{"a":0,"k":0,"ix":4},"p":{"a":0,"k":[57.25,2.75],"ix":2},"r":{"a":0,"k":0,"ix":6},"sa":{"a":0,"k":0,"ix":5},"o":{"a":0,"k":100,"ix":7}}]},{"ty":"gr","bm":0,"cl":"","ln":"","hd":false,"mn":"ADBE Vector Group","nm":"Ellipse 3","ix":2,"cix":2,"np":5,"it":[{"ty":"el","bm":0,"cl":"","ln":"","hd":false,"mn":"ADBE Vector Shape - Ellipse","nm":"Ellipse Path 2","d":1,"p":{"a":0,"k":[0,0],"ix":3},"s":{"a":0,"k":[24.5,24.5],"ix":2}},{"ty":"st","bm":0,"cl":"","ln":"","hd":false,"mn":"ADBE Vector Graphic - Stroke","nm":"Stroke 1","lc":2,"lj":2,"ml":1,"o":{"a":0,"k":100,"ix":4},"w":{"a":0,"k":4,"ix":5},"d":[],"c":{"a":0,"k":[0.055,0,0.3,1],"ix":3}},{"ty":"gr","bm":0,"cl":"","ln":"","hd":false,"mn":"ADBE Vector Group","nm":"Group 2","ix":3,"cix":2,"np":4,"it":[{"ty":"sh","bm":0,"cl":"","ln":"","hd":false,"mn":"ADBE Vector Shape - Group","nm":"Path 1","ix":1,"d":1,"ks":{"a":0,"k":{"c":true,"i":[[-2.684,-2.989],[-3.869,0.801],[4.156,5.339],[-5.339,4.156]],"o":[[2.991,3.33],[-3.953,5.49],[-4.156,-5.339],[-0.327,5.859]],"v":[[-3.99,3.689],[9.685,7.392],[-9.69,7.645],[-7.548,-9.546]]},"ix":2}},{"ty":"fl","bm":0,"cl":"","ln":"","hd":false,"mn":"ADBE Vector Graphic - Fill","nm":"Fill 1","c":{"a":0,"k":[0,0.8667,0.702,1],"ix":4},"r":1,"o":{"a":0,"k":100,"ix":5}},{"ty":"el","bm":0,"cl":"","ln":"","hd":false,"mn":"ADBE Vector Shape - Ellipse","nm":"Ellipse Path 2","d":1,"p":{"a":0,"k":[0,0],"ix":3},"s":{"a":0,"k":[24.5,24.5],"ix":2}},{"ty":"fl","bm":0,"cl":"","ln":"","hd":false,"mn":"ADBE Vector Graphic - Fill","nm":"Fill 2","c":{"a":0,"k":[1,1,1,1],"ix":4},"r":1,"o":{"a":0,"k":100,"ix":5}},{"ty":"tr","a":{"a":0,"k":[0,0],"ix":1},"s":{"a":0,"k":[100,100],"ix":3},"sk":{"a":0,"k":0,"ix":4},"p":{"a":0,"k":[0,0],"ix":2},"r":{"a":0,"k":0,"ix":6},"sa":{"a":0,"k":0,"ix":5},"o":{"a":0,"k":100,"ix":7}}]},{"ty":"sh","bm":0,"cl":"","ln":"","hd":false,"mn":"ADBE Vector Shape - Group","nm":"Path 1","ix":4,"d":1,"ks":{"a":1,"k":[{"o":{"x":0.167,"y":0.167},"i":{"x":0.833,"y":0.833},"s":[{"c":false,"i":[[0,0],[0.024,9.29]],"o":[[0,0],[-0.226,-10.804]],"v":[[0.496,33.75],[0.476,-0.841]]}],"t":23},{"o":{"x":0.167,"y":0.167},"i":{"x":0.833,"y":0.833},"s":[{"c":false,"i":[[0,0],[13.049,20.428]],"o":[[0,0],[-0.226,-10.804]],"v":[[0.496,33.75],[0.476,-0.841]]}],"t":46},{"o":{"x":0.167,"y":0.167},"i":{"x":0.833,"y":0.833},"s":[{"c":false,"i":[[0,0],[-11.575,13.793]],"o":[[0,0],[-0.226,-10.804]],"v":[[0.496,33.75],[0.476,-0.841]]}],"t":61},{"o":{"x":0.167,"y":0.167},"i":{"x":0.833,"y":0.833},"s":[{"c":false,"i":[[0,0],[-18.077,18.228]],"o":[[0,0],[-0.226,-10.804]],"v":[[0.496,33.75],[0.476,-0.841]]}],"t":78},{"o":{"x":0.167,"y":0.167},"i":{"x":0.833,"y":0.833},"s":[{"c":false,"i":[[0,0],[13.049,20.428]],"o":[[0,0],[-0.226,-10.804]],"v":[[0.496,33.75],[0.476,-0.841]]}],"t":94},{"o":{"x":0.167,"y":0.167},"i":{"x":0.833,"y":0.833},"s":[{"c":false,"i":[[0,0],[13.049,20.428]],"o":[[0,0],[-0.226,-10.804]],"v":[[0.496,33.75],[0.476,-0.841]]}],"t":110},{"o":{"x":0.167,"y":0.167},"i":{"x":0.833,"y":0.833},"s":[{"c":false,"i":[[0,0],[-11.575,13.793]],"o":[[0,0],[-0.226,-10.804]],"v":[[0.496,33.75],[0.476,-0.841]]}],"t":126},{"o":{"x":0.167,"y":0.167},"i":{"x":0.833,"y":0.833},"s":[{"c":false,"i":[[0,0],[-15.782,16.663]],"o":[[0,0],[-0.226,-10.804]],"v":[[0.496,33.75],[0.476,-0.841]]}],"t":140},{"o":{"x":0.167,"y":0.167},"i":{"x":0,"y":1},"s":[{"c":false,"i":[[0,0],[5.462,19.437]],"o":[[0,0],[-0.226,-10.804]],"v":[[0.496,33.75],[0.476,-0.841]]}],"t":156},{"o":{"x":0.167,"y":0.167},"i":{"x":0.833,"y":0.833},"s":[{"c":false,"i":[[0,0],[0.024,9.29]],"o":[[0,0],[-0.226,-10.804]],"v":[[0.496,33.75],[0.476,-0.841]]}],"t":177}],"ix":2}},{"ty":"st","bm":0,"cl":"","ln":"","hd":false,"mn":"ADBE Vector Graphic - Stroke","nm":"Stroke 2","lc":2,"lj":2,"ml":1,"o":{"a":0,"k":100,"ix":4},"w":{"a":0,"k":4,"ix":5},"d":[],"c":{"a":0,"k":[0.055,0,0.3,1],"ix":3}},{"ty":"tr","a":{"a":0,"k":[0.25,49.75],"ix":1},"s":{"a":0,"k":[100,100],"ix":3},"sk":{"a":0,"k":0,"ix":4},"p":{"a":1,"k":[{"o":{"x":0.167,"y":0.167},"i":{"x":0.833,"y":0.833},"s":[57,-43.5],"t":0},{"o":{"x":0.167,"y":0.167},"i":{"x":0.833,"y":0.833},"s":[57,-43.5],"t":23},{"o":{"x":0.167,"y":0.167},"i":{"x":0.833,"y":0.833},"s":[57,-43.5],"t":46},{"o":{"x":0.167,"y":0.167},"i":{"x":0.833,"y":0.833},"s":[57,-43.5],"t":78},{"o":{"x":0.167,"y":0.167},"i":{"x":0.833,"y":0.833},"s":[57,-43.5],"t":110},{"o":{"x":0.167,"y":0.167},"i":{"x":0,"y":0},"s":[57,-43.5],"t":140},{"o":{"x":0.167,"y":0.167},"i":{"x":0.833,"y":0.833},"s":[57,-43.5],"t":177}],"ix":2},"r":{"a":1,"k":[{"o":{"x":0.167,"y":0.167},"i":{"x":0.833,"y":0.833},"s":[0],"t":0},{"o":{"x":0.24,"y":0},"i":{"x":0.585,"y":1},"s":[0],"t":23},{"o":{"x":0.321,"y":0},"i":{"x":0.655,"y":1.08},"s":[0],"t":46},{"o":{"x":0.322,"y":0.083},"i":{"x":0.585,"y":1},"s":[30.211],"t":61},{"o":{"x":0.321,"y":0},"i":{"x":0.885,"y":0.686},"s":[-30],"t":94},{"o":{"x":0.194,"y":0.331},"i":{"x":0.655,"y":1.07},"s":[-6.905],"t":110},{"o":{"x":0.326,"y":0.072},"i":{"x":0.66,"y":0.514},"s":[30.211],"t":126},{"o":{"x":0.344,"y":61.095},"i":{"x":0,"y":1},"s":[0.495],"t":140},{"o":{"x":0.333,"y":0},"i":{"x":0.7,"y":1},"s":[0],"t":169},{"o":{"x":0.333,"y":0},"i":{"x":0.143,"y":1},"s":[0],"t":174},{"o":{"x":0.167,"y":0},"i":{"x":0.667,"y":1},"s":[0],"t":181},{"o":{"x":0.333,"y":0},"i":{"x":0.667,"y":1},"s":[5],"t":186},{"o":{"x":0.333,"y":0},"i":{"x":0.667,"y":1},"s":[-5.471],"t":192},{"o":{"x":0.333,"y":0},"i":{"x":0.667,"y":1},"s":[5.921],"t":200},{"o":{"x":0.333,"y":0},"i":{"x":0.667,"y":1},"s":[-3.974],"t":207},{"o":{"x":0.333,"y":0},"i":{"x":0.667,"y":1},"s":[3.503],"t":215},{"o":{"x":0.167,"y":0.167},"i":{"x":0.833,"y":0.833},"s":[0],"t":229}],"ix":6},"sa":{"a":0,"k":0,"ix":5},"o":{"a":0,"k":100,"ix":7}}]}],"ind":4},{"ty":4,"nm":"Shape Layer 3","mn":"","sr":1,"st":0,"op":480,"ip":0,"hd":false,"cl":"","ln":"","ddd":0,"bm":0,"hasMask":false,"ao":0,"ks":{"a":{"a":0,"k":[57.25,13.25,0],"ix":1},"s":{"a":0,"k":[250,250,100],"ix":6},"sk":{"a":0,"k":0},"p":{"a":1,"k":[{"o":{"x":0.333,"y":0},"i":{"x":0.57,"y":1},"s":[500,525,0],"t":35},{"o":{"x":0.59,"y":0},"i":{"x":0.667,"y":1},"s":[500,587,0],"t":55},{"o":{"x":0.333,"y":0},"i":{"x":0.21,"y":1},"s":[500,505,0],"t":73},{"o":{"x":0.167,"y":0.167},"i":{"x":0.833,"y":0.833},"s":[500,525,0],"t":107}],"ix":2},"sa":{"a":0,"k":0},"o":{"a":0,"k":100,"ix":11},"r":{"a":1,"k":[{"o":{"x":0.686,"y":0},"i":{"x":0.667,"y":1},"s":[0],"t":18},{"o":{"x":0.333,"y":0},"i":{"x":0.667,"y":1},"s":[10.5],"t":55.416},{"o":{"x":0.333,"y":0},"i":{"x":0.667,"y":1},"s":[-11.377],"t":82},{"o":{"x":0.333,"y":0},"i":{"x":0.507,"y":1},"s":[8.246],"t":108},{"o":{"x":0.333,"y":0},"i":{"x":0.329,"y":1},"s":[-5.383],"t":133},{"o":{"x":0.167,"y":0.167},"i":{"x":0.833,"y":0.833},"s":[0],"t":174}],"ix":10}},"ef":[],"shapes":[{"ty":"gr","bm":0,"cl":"","ln":"","hd":false,"mn":"ADBE Vector Group","nm":"eyes","ix":1,"cix":2,"np":3,"it":[{"ty":"gr","bm":0,"cl":"","ln":"","hd":false,"mn":"ADBE Vector Group","nm":"eyes","ix":1,"cix":2,"np":2,"it":[{"ty":"gr","bm":0,"cl":"","ln":"","hd":false,"mn":"ADBE Vector Group","nm":"Group 3","ix":1,"cix":2,"np":3,"it":[{"ty":"sh","bm":0,"cl":"","ln":"","hd":false,"mn":"ADBE Vector Shape - Group","nm":"Path 1","ix":1,"d":1,"ks":{"a":1,"k":[{"o":{"x":0.333,"y":0},"i":{"x":0,"y":1},"s":[{"c":false,"i":[[-4.142,0],[-1.213,-0.843],[0.805,-2.128],[-0.227,-0.25],[0,-1.943]],"o":[[1.589,0],[0.188,0.13],[0.868,-0.566],[1.212,1.332],[0,0]],"v":[[0,-15.25],[4.276,-13.912],[3.195,-10.309],[5.55,-12.795],[7.5,-7.75]]}],"t":43},{"o":{"x":0.7,"y":0},"i":{"x":0.833,"y":0.833},"s":[{"c":false,"i":[[-4.142,0],[-1.213,-0.031],[0.805,-0.077],[-0.227,-0.009],[0,-0.07]],"o":[[1.589,0],[0.188,0.005],[0.868,-0.021],[1.212,0.048],[0,0]],"v":[[0,-0.553],[4.276,-0.505],[3.195,-0.374],[5.55,-0.464],[7.5,-0.281]]}],"t":61},{"o":{"x":0.167,"y":0.167},"i":{"x":0.833,"y":0.833},"s":[{"c":false,"i":[[-4.142,0],[-1.213,-0.843],[0.805,-2.128],[-0.227,-0.25],[0,-1.943]],"o":[[1.589,0],[0.188,0.13],[0.868,-0.566],[1.212,1.332],[0,0]],"v":[[0.033,-13.575],[4.309,-12.237],[3.227,-8.634],[5.582,-11.12],[7.533,-6.075]]}],"t":73},{"o":{"x":0.167,"y":0.167},"i":{"x":0,"y":1},"s":[{"c":false,"i":[[-4.142,0],[-1.213,-0.843],[0.805,-2.128],[-0.227,-0.25],[0,-1.943]],"o":[[1.589,0],[0.188,0.13],[0.868,-0.566],[1.212,1.332],[0,0]],"v":[[0.065,-11.887],[4.341,-10.55],[3.26,-6.946],[5.615,-9.432],[7.565,-4.387]]}],"t":93},{"o":{"x":0.333,"y":0},"i":{"x":0.22,"y":1},"s":[{"c":false,"i":[[-4.142,0],[-1.213,-0.843],[0.805,-2.128],[-0.227,-0.25],[0,-1.943]],"o":[[1.589,0],[0.188,0.13],[0.868,-0.566],[1.212,1.332],[0,0]],"v":[[0.065,-11.887],[4.341,-10.55],[3.26,-6.946],[5.615,-9.432],[7.565,-4.387]]}],"t":190},{"o":{"x":0.167,"y":0.167},"i":{"x":0.833,"y":0.833},"s":[{"c":false,"i":[[-4.142,0],[-1.213,-0.843],[0.805,-2.128],[-0.227,-0.25],[0,-1.943]],"o":[[1.589,0],[0.188,0.13],[0.868,-0.566],[1.212,1.332],[0,0]],"v":[[0,-15.25],[4.276,-13.912],[3.195,-10.309],[5.55,-12.795],[7.5,-7.75]]}],"t":214}],"ix":2}},{"ty":"sh","bm":0,"cl":"","ln":"","hd":false,"mn":"ADBE Vector Shape - Group","nm":"Path 2","ix":2,"d":1,"ks":{"a":1,"k":[{"o":{"x":0.333,"y":0},"i":{"x":0,"y":1},"s":[{"c":true,"i":[[0,-4.142],[0,0],[4.142,0],[0,4.142],[0,0],[-4.142,0]],"o":[[0,0],[0,4.142],[-4.142,0],[0,0],[0,-4.142],[4.142,0]],"v":[[7.5,-7.75],[7.5,7.75],[0,15.25],[-7.5,7.75],[-7.5,-7.75],[0,-15.25]]}],"t":43},{"o":{"x":0.7,"y":0},"i":{"x":0.833,"y":0.833},"s":[{"c":true,"i":[[0,-0.15],[0,0],[4.142,0],[0,0.15],[0,0],[-4.142,0]],"o":[[0,0],[0,0.15],[-4.142,0],[0,0],[0,-0.15],[4.142,0]],"v":[[7.5,-0.281],[7.5,0.281],[0,0.553],[-7.5,0.281],[-7.5,-0.281],[0,-0.553]]}],"t":61},{"o":{"x":0.167,"y":0.167},"i":{"x":0.833,"y":0.833},"s":[{"c":true,"i":[[0,-4.142],[0,0],[4.142,0],[0,4.142],[0,0],[-4.142,0]],"o":[[0,0],[0,4.142],[-4.142,0],[0,0],[0,-4.142],[4.142,0]],"v":[[7.533,-6.075],[7.474,4.687],[0.062,8.043],[-7.526,4.687],[-7.467,-6.075],[0.033,-13.575]]}],"t":73},{"o":{"x":0.167,"y":0.167},"i":{"x":0,"y":1},"s":[{"c":true,"i":[[0,-4.142],[0,0],[4.142,0],[0,4.142],[0,0],[-4.142,0]],"o":[[0,0],[0,4.142],[-4.142,0],[0,0],[0,-4.142],[4.142,0]],"v":[[7.565,-4.387],[7.589,4.166],[0.266,3.347],[-7.411,4.166],[-7.435,-4.387],[0.065,-11.887]]}],"t":93},{"o":{"x":0.333,"y":0},"i":{"x":0.22,"y":1},"s":[{"c":true,"i":[[0,-4.142],[0,0],[4.142,0],[0,4.142],[0,0],[-4.142,0]],"o":[[0,0],[0,4.142],[-4.142,0],[0,0],[0,-4.142],[4.142,0]],"v":[[7.565,-4.387],[7.447,1.6],[0.124,0.781],[-7.553,1.6],[-7.435,-4.387],[0.065,-11.887]]}],"t":190},{"o":{"x":0.167,"y":0.167},"i":{"x":0.833,"y":0.833},"s":[{"c":true,"i":[[0,-4.142],[0,0],[4.142,0],[0,4.142],[0,0],[-4.142,0]],"o":[[0,0],[0,4.142],[-4.142,0],[0,0],[0,-4.142],[4.142,0]],"v":[[7.5,-7.75],[7.5,7.75],[0,15.25],[-7.5,7.75],[-7.5,-7.75],[0,-15.25]]}],"t":214}],"ix":2}},{"ty":"st","bm":0,"cl":"","ln":"","hd":false,"mn":"ADBE Vector Graphic - Stroke","nm":"Stroke 1","lc":1,"lj":1,"ml":4,"o":{"a":0,"k":100,"ix":4},"w":{"a":0,"k":4,"ix":5},"d":[],"c":{"a":0,"k":[0.055,0,0.3,1],"ix":3}},{"ty":"tr","a":{"a":0,"k":[0,0],"ix":1},"s":{"a":0,"k":[100,100],"ix":3},"sk":{"a":0,"k":0,"ix":4},"p":{"a":0,"k":[0,0],"ix":2},"r":{"a":0,"k":0,"ix":6},"sa":{"a":0,"k":0,"ix":5},"o":{"a":0,"k":100,"ix":7}}]},{"ty":"gr","bm":0,"cl":"","ln":"","hd":false,"mn":"ADBE Vector Group","nm":"Group 4","ix":2,"cix":2,"np":4,"it":[{"ty":"sh","bm":0,"cl":"","ln":"","hd":false,"mn":"ADBE Vector Shape - Group","nm":"Path 3","ix":1,"d":1,"ks":{"a":1,"k":[{"o":{"x":0.333,"y":0},"i":{"x":0,"y":1},"s":[{"c":true,"i":[[0,-5.523],[1.437,-1.732],[1.899,1.107],[0,1.513],[0.009,2.045],[-0.756,0]],"o":[[0,2.426],[-0.93,1.15],[-2.566,-1.496],[0,-4.767],[0.708,-0.159],[5.523,0]],"v":[[5,8],[2.7,14.381],[-3.894,14.283],[-7.212,8.354],[-7.2,-1.757],[-5,-2]]}],"t":43},{"o":{"x":0.7,"y":0},"i":{"x":0.833,"y":0.833},"s":[{"c":true,"i":[[0,-0.223],[1.437,-0.07],[1.899,0.045],[0,0.061],[0.009,0.083],[-0.756,0]],"o":[[0,0.098],[-0.93,0.046],[-2.566,-0.06],[0,-0.193],[0.708,-0.006],[5.523,0]],"v":[[5,0.929],[2.7,1.186],[-3.894,1.182],[-7.212,0.943],[-7.2,0.535],[-5,0.525]]}],"t":61},{"o":{"x":0.167,"y":0.167},"i":{"x":0.833,"y":0.833},"s":[{"c":true,"i":[[0,-5.523],[1.305,-0.704],[1.898,0.003],[0,1.513],[0.009,2.045],[-0.755,0.03]],"o":[[-0.54,0.935],[-1.176,0.377],[-1.993,-0.338],[0,-4.767],[0.708,-0.159],[5.737,-0.238]],"v":[[4.962,5.069],[2.177,7.593],[-3.601,7.881],[-7.251,5.423],[-7.167,-3.41],[-5.056,-4.358]]}],"t":73},{"o":{"x":0.167,"y":0.167},"i":{"x":0,"y":1},"s":[{"c":true,"i":[[0,-5.523],[1.172,0.331],[1.898,-1.109],[0,1.513],[0.009,2.045],[-0.756,0]],"o":[[-1.084,-0.566],[-1.423,-0.402],[-1.416,0.827],[0,-4.767],[0.708,-0.159],[5.523,0]],"v":[[5.065,4.681],[1.792,3.319],[-3.165,3.996],[-7.147,5.035],[-7.134,-5.076],[-4.935,-5.319]]}],"t":93},{"o":{"x":0.333,"y":0},"i":{"x":0.22,"y":1},"s":[{"c":true,"i":[[0,-5.523],[1.172,0.331],[1.898,-1.109],[0,1.513],[0.009,2.045],[-0.753,0.06]],"o":[[-1.084,-0.566],[-1.423,-0.402],[-1.416,0.827],[0,-4.767],[0.708,-0.159],[5.952,-0.478]],"v":[[4.923,2.115],[1.65,0.753],[-3.307,1.43],[-7.289,2.469],[-7.134,-5.076],[-5.112,-6.735]]}],"t":190},{"o":{"x":0.167,"y":0.167},"i":{"x":0.833,"y":0.833},"s":[{"c":true,"i":[[0,-5.523],[1.437,-1.732],[1.899,1.107],[0,1.513],[0.009,2.045],[-0.756,0]],"o":[[0,2.426],[-0.93,1.15],[-2.566,-1.496],[0,-4.767],[0.708,-0.159],[5.523,0]],"v":[[5,8],[2.7,14.381],[-3.894,14.283],[-7.212,8.354],[-7.2,-1.757],[-5,-2]]}],"t":214}],"ix":2}},{"ty":"fl","bm":0,"cl":"","ln":"","hd":false,"mn":"ADBE Vector Graphic - Fill","nm":"Fill 2","c":{"a":0,"k":[0.851,0.8784,0.902,1],"ix":4},"r":1,"o":{"a":0,"k":60,"ix":5}},{"ty":"sh","bm":0,"cl":"","ln":"","hd":false,"mn":"ADBE Vector Shape - Group","nm":"Path 2","ix":3,"d":1,"ks":{"a":1,"k":[{"o":{"x":0.333,"y":0},"i":{"x":0,"y":1},"s":[{"c":true,"i":[[0,-4.142],[0,0],[4.142,0],[0,4.142],[0,0],[-4.142,0]],"o":[[0,0],[0,4.142],[-4.142,0],[0,0],[0,-4.142],[4.142,0]],"v":[[7.5,-7.75],[7.5,7.75],[0,15.25],[-7.5,7.75],[-7.5,-7.75],[0,-15.25]]}],"t":43},{"o":{"x":0.7,"y":0},"i":{"x":0.833,"y":0.833},"s":[{"c":true,"i":[[0,-0.15],[0,0],[4.142,0],[0,0.15],[0,0],[-4.142,0]],"o":[[0,0],[0,0.15],[-4.142,0],[0,0],[0,-0.15],[4.142,0]],"v":[[7.5,-0.281],[7.5,0.281],[0,0.553],[-7.5,0.281],[-7.5,-0.281],[0,-0.553]]}],"t":61},{"o":{"x":0.167,"y":0.167},"i":{"x":0.833,"y":0.833},"s":[{"c":true,"i":[[0,-4.142],[0,0],[4.142,0],[0,4.142],[0,0],[-4.142,0]],"o":[[0,0],[0,4.142],[-4.142,0],[0,0],[0,-4.142],[4.142,0]],"v":[[7.533,-6.075],[7.474,4.687],[0.062,8.043],[-7.526,4.687],[-7.467,-6.075],[0.033,-13.575]]}],"t":73},{"o":{"x":0.167,"y":0.167},"i":{"x":0,"y":1},"s":[{"c":true,"i":[[0,-4.142],[0,0],[4.142,0],[0,4.142],[0,0],[-4.142,0]],"o":[[0,0],[0,4.142],[-4.142,0],[0,0],[0,-4.142],[4.142,0]],"v":[[7.565,-4.387],[7.589,4.166],[0.266,3.347],[-7.411,4.166],[-7.435,-4.387],[0.065,-11.887]]}],"t":93},{"o":{"x":0.333,"y":0},"i":{"x":0.22,"y":1},"s":[{"c":true,"i":[[0,-4.142],[0,0],[4.142,0],[0,4.142],[0,0],[-4.142,0]],"o":[[0,0],[0,4.142],[-4.142,0],[0,0],[0,-4.142],[4.142,0]],"v":[[7.565,-4.387],[7.447,1.6],[0.124,0.781],[-7.553,1.6],[-7.435,-4.387],[0.065,-11.887]]}],"t":190},{"o":{"x":0.167,"y":0.167},"i":{"x":0.833,"y":0.833},"s":[{"c":true,"i":[[0,-4.142],[0,0],[4.142,0],[0,4.142],[0,0],[-4.142,0]],"o":[[0,0],[0,4.142],[-4.142,0],[0,0],[0,-4.142],[4.142,0]],"v":[[7.5,-7.75],[7.5,7.75],[0,15.25],[-7.5,7.75],[-7.5,-7.75],[0,-15.25]]}],"t":214}],"ix":2}},{"ty":"fl","bm":0,"cl":"","ln":"","hd":false,"mn":"ADBE Vector Graphic - Fill","nm":"Fill 1","c":{"a":0,"k":[0,0.8667,0.702,1],"ix":4},"r":1,"o":{"a":0,"k":100,"ix":5}},{"ty":"tr","a":{"a":0,"k":[0,0],"ix":1},"s":{"a":0,"k":[100,100],"ix":3},"sk":{"a":0,"k":0,"ix":4},"p":{"a":0,"k":[0,0],"ix":2},"r":{"a":0,"k":0,"ix":6},"sa":{"a":0,"k":0,"ix":5},"o":{"a":0,"k":100,"ix":7}}]},{"ty":"tr","a":{"a":0,"k":[0,0],"ix":1},"s":{"a":0,"k":[113,113],"ix":3},"sk":{"a":0,"k":0,"ix":4},"p":{"a":0,"k":[0,0],"ix":2},"r":{"a":0,"k":0,"ix":6},"sa":{"a":0,"k":0,"ix":5},"o":{"a":0,"k":100,"ix":7}}]},{"ty":"rp","bm":0,"cl":"","ln":"","hd":false,"mn":"ADBE Vector Filter - Repeater","nm":"Repeater 1","ix":2,"m":1,"c":{"a":0,"k":2,"ix":1},"o":{"a":0,"k":0,"ix":2},"tr":{"a":{"a":0,"k":[0,0],"ix":1},"s":{"a":0,"k":[100,100],"ix":3},"sk":{"a":0,"k":0},"p":{"a":0,"k":[28,0],"ix":2},"r":{"a":0,"k":0,"ix":4},"sa":{"a":0,"k":0},"so":{"a":0,"k":100,"ix":5},"eo":{"a":0,"k":100,"ix":6}}},{"ty":"gr","bm":0,"cl":"","ln":"","hd":false,"mn":"ADBE Vector Group","nm":"Ellipse 1","ix":3,"cix":2,"np":3,"it":[{"ty":"el","bm":0,"cl":"","ln":"","hd":false,"mn":"ADBE Vector Shape - Ellipse","nm":"Ellipse Path 1","d":1,"p":{"a":0,"k":[0,0],"ix":3},"s":{"a":0,"k":[32,32],"ix":2}},{"ty":"el","bm":0,"cl":"","ln":"","hd":false,"mn":"ADBE Vector Shape - Ellipse","nm":"Ellipse Path 2","d":1,"p":{"a":0,"k":[49,0],"ix":3},"s":{"a":0,"k":[32,32],"ix":2}},{"ty":"fl","bm":0,"cl":"","ln":"","hd":false,"mn":"ADBE Vector Graphic - Fill","nm":"Fill 1","c":{"a":1,"k":[{"o":{"x":0.333,"y":0},"i":{"x":0.667,"y":1},"s":[0.1804,0.0118,0.898,1],"t":72},{"o":{"x":0.167,"y":0},"i":{"x":0.667,"y":1},"s":[0.5,0.7667,1,1],"t":86},{"o":{"x":0.167,"y":0},"i":{"x":0.667,"y":1},"s":[0.5,0.7667,1,1],"t":189},{"o":{"x":0.167,"y":0.167},"i":{"x":0.833,"y":0.833},"s":[0.1804,0.0118,0.898,1],"t":203}],"ix":4},"r":1,"o":{"a":1,"k":[{"o":{"x":0.167,"y":0.167},"i":{"x":0.17,"y":1},"s":[0],"t":66},{"o":{"x":0.167,"y":0},"i":{"x":0.667,"y":1},"s":[22.132],"t":86},{"o":{"x":0.333,"y":0},"i":{"x":0.667,"y":1},"s":[22.132],"t":190},{"o":{"x":0.167,"y":0.167},"i":{"x":0.833,"y":0.833},"s":[0],"t":210}],"ix":5}},{"ty":"tr","a":{"a":0,"k":[1,0],"ix":1},"s":{"a":0,"k":[100,100],"ix":3},"sk":{"a":0,"k":0,"ix":4},"p":{"a":0,"k":[-9.5,13],"ix":2},"r":{"a":0,"k":0,"ix":6},"sa":{"a":0,"k":0,"ix":5},"o":{"a":0,"k":100,"ix":7}}]},{"ty":"tr","a":{"a":0,"k":[13.75,0],"ix":1},"s":{"a":0,"k":[100,100],"ix":3},"sk":{"a":0,"k":0,"ix":4},"p":{"a":1,"k":[{"o":{"x":0.167,"y":0},"i":{"x":0.579,"y":1},"s":[56.25,-7],"t":0},{"o":{"x":0.167,"y":0},"i":{"x":0.39,"y":1},"s":[56.25,-7],"t":40},{"o":{"x":0.56,"y":0},"i":{"x":0.667,"y":1},"s":[56.25,41],"t":55},{"o":{"x":0.333,"y":0},"i":{"x":0.21,"y":1},"s":[56.25,-17.131],"t":73},{"o":{"x":0.167,"y":0.167},"i":{"x":0.833,"y":0.833},"s":[56.25,-7],"t":105}],"ix":2},"r":{"a":0,"k":0,"ix":6},"sa":{"a":0,"k":0,"ix":5},"o":{"a":0,"k":100,"ix":7}}]},{"ty":"gr","bm":0,"cl":"","ln":"","hd":false,"mn":"ADBE Vector Group","nm":"Ellipse 4","ix":2,"cix":2,"np":5,"it":[{"ty":"el","bm":0,"cl":"","ln":"","hd":false,"mn":"ADBE Vector Shape - Ellipse","nm":"Ellipse Path 1","d":1,"p":{"a":0,"k":[-161,-8],"ix":3},"s":{"a":0,"k":[121.5,106.5],"ix":2}},{"ty":"el","bm":0,"cl":"","ln":"","hd":false,"mn":"ADBE Vector Shape - Ellipse","nm":"Ellipse Path 3","d":3,"p":{"a":1,"k":[{"o":{"x":0.46,"y":0},"i":{"x":0.07,"y":1},"s":[-161,0],"t":40},{"o":{"x":0.56,"y":0},"i":{"x":0.33,"y":1},"s":[-161,-14],"t":55},{"o":{"x":0.167,"y":0.167},"i":{"x":0.833,"y":0.833},"s":[-161,0],"t":81}],"ix":3},"s":{"a":0,"k":[121.5,106.5],"ix":2}},{"ty":"fl","bm":0,"cl":"","ln":"","hd":false,"mn":"ADBE Vector Graphic - Fill","nm":"Fill 1","c":{"a":0,"k":[0.2057,0.1742,0.3458,1],"ix":4},"r":1,"o":{"a":0,"k":100,"ix":5}},{"ty":"el","bm":0,"cl":"","ln":"","hd":false,"mn":"ADBE Vector Shape - Ellipse","nm":"Ellipse Path 2","d":1,"p":{"a":0,"k":[-161,-8],"ix":3},"s":{"a":0,"k":[121.5,106.5],"ix":2}},{"ty":"fl","bm":0,"cl":"","ln":"","hd":false,"mn":"ADBE Vector Graphic - Fill","nm":"Fill 2","c":{"a":0,"k":[0.2226,0.0968,0.7832,1],"ix":4},"r":1,"o":{"a":0,"k":100,"ix":5}},{"ty":"tr","a":{"a":0,"k":[-162.75,-2.25],"ix":1},"s":{"a":1,"k":[{"o":{"x":0.167,"y":0.167},"i":{"x":0.833,"y":0.833},"s":[100,99.364],"t":0},{"o":{"x":0.167,"y":0},"i":{"x":0.667,"y":1},"s":[100,99.364],"t":23},{"o":{"x":0.333,"y":0},"i":{"x":0.39,"y":1},"s":[100,99.364],"t":40},{"o":{"x":0.599,"y":0},"i":{"x":0.64,"y":1},"s":[100,86.364],"t":55},{"o":{"x":0.167,"y":0.167},"i":{"x":0.833,"y":0.833},"s":[100,99.364],"t":81}],"ix":3},"sk":{"a":0,"k":0,"ix":4},"p":{"a":1,"k":[{"o":{"x":0.167,"y":0.167},"i":{"x":0.833,"y":0.833},"s":[56.5,1],"t":0},{"o":{"x":0.167,"y":0.167},"i":{"x":0.667,"y":0.667},"s":[56.5,1],"t":23},{"o":{"x":0.333,"y":0},"i":{"x":0.39,"y":1},"s":[56.5,1],"t":40},{"o":{"x":0.56,"y":0},"i":{"x":0.22,"y":1},"s":[56.5,25],"t":55},{"o":{"x":0.167,"y":0.167},"i":{"x":0.833,"y":0.833},"s":[56.5,1],"t":81}],"ix":2},"r":{"a":0,"k":0,"ix":6},"sa":{"a":0,"k":0,"ix":5},"o":{"a":0,"k":100,"ix":7}}]}],"ind":5},{"ty":4,"nm":"Shape Layer 2","mn":"","sr":1,"st":0,"op":480,"ip":0,"hd":false,"cl":"","ln":"","ddd":0,"bm":0,"hasMask":false,"ao":0,"ks":{"a":{"a":0,"k":[148,21,0],"ix":1},"s":{"a":0,"k":[250,250,100],"ix":6},"sk":{"a":0,"k":0},"p":{"a":0,"k":[500,500,0],"ix":2},"sa":{"a":0,"k":0},"o":{"a":0,"k":100,"ix":11},"r":{"a":0,"k":0,"ix":10}},"ef":[],"shapes":[{"ty":"gr","bm":0,"cl":"","ln":"","hd":false,"mn":"ADBE Vector Group","nm":"Ellipse 1","ix":1,"cix":2,"np":3,"it":[{"ty":"el","bm":0,"cl":"","ln":"","hd":false,"mn":"ADBE Vector Shape - Ellipse","nm":"Ellipse Path 1","d":1,"p":{"a":0,"k":[0,0],"ix":3},"s":{"a":0,"k":[294,294],"ix":2}},{"ty":"fl","bm":0,"cl":"","ln":"","hd":false,"mn":"ADBE Vector Graphic - Fill","nm":"Fill 1","c":{"a":0,"k":[0.2226,0.0968,0.7832,1],"ix":4},"r":1,"o":{"a":0,"k":100,"ix":5}},{"ty":"tr","a":{"a":0,"k":[0,0],"ix":1},"s":{"a":0,"k":[100,100],"ix":3},"sk":{"a":0,"k":0,"ix":4},"p":{"a":0,"k":[148,21],"ix":2},"r":{"a":0,"k":0,"ix":6},"sa":{"a":0,"k":0,"ix":5},"o":{"a":0,"k":100,"ix":7}}]}],"ind":6}],"ddd":0,"h":1000,"w":1000,"meta":{"a":"","k":"","d":"","g":"@lottiefiles/toolkit-js 0.21.3","tc":"#000000"},"v":"5.7.3","fr":60,"op":241,"ip":0,"fonts":{"list":[{"ascent":76.9989013671875,"fClass":"","fFamily":"AllianzSans","fName":"AllianzSans-Regular","fStyle":"Regular","fPath":"","fWeight":"","origin":0}]},"chars":[{"ch":"H","fFamily":"AllianzSans","size":67,"style":"Regular","w":63,"data":{"shapes":[{"ty":"gr","bm":0,"cl":"","ln":"","hd":false,"mn":"ADBE Vector Group","nm":"H","ix":1,"cix":2,"np":3,"it":[{"ty":"sh","bm":0,"cl":"","ln":"","hd":false,"mn":"ADBE Vector Shape - Group","nm":"H","ix":1,"d":1,"ks":{"a":0,"k":{"c":true,"i":[[0,0],[0,0],[0,0],[0,0],[0,0],[0,0],[0,0],[0,0],[0,0],[0,0],[0,0],[0,0]],"o":[[0,0],[0,0],[0,0],[0,0],[0,0],[0,0],[0,0],[0,0],[0,0],[0,0],[0,0],[0,0]],"v":[[56.1,0],[56.1,-70.3],[46.4,-70.3],[46.4,-40.1],[16.6,-40.1],[16.6,-70.3],[6.9,-70.3],[6.9,0],[16.6,0],[16.6,-32],[46.4,-32],[46.4,0]]},"ix":2}}]}]}},{"ch":"I","fFamily":"AllianzSans","size":67,"style":"Regular","w":23.7,"data":{"shapes":[{"ty":"gr","bm":0,"cl":"","ln":"","hd":false,"mn":"ADBE Vector Group","nm":"I","ix":1,"cix":2,"np":3,"it":[{"ty":"sh","bm":0,"cl":"","ln":"","hd":false,"mn":"ADBE Vector Shape - Group","nm":"I","ix":1,"d":1,"ks":{"a":0,"k":{"c":true,"i":[[0,0],[0,0],[0,0],[0,0]],"o":[[0,0],[0,0],[0,0],[0,0]],"v":[[16.6,0],[16.6,-70.3],[6.9,-70.3],[6.9,0]]},"ix":2}}]}]}},{"ch":" ","fFamily":"AllianzSans","size":67,"style":"Regular","w":20,"data":{}},{"ch":"!","fFamily":"AllianzSans","size":67,"style":"Regular","w":27.1,"data":{"shapes":[{"ty":"gr","bm":0,"cl":"","ln":"","hd":false,"mn":"ADBE Vector Group","nm":"!","ix":1,"cix":2,"np":5,"it":[{"ty":"sh","bm":0,"cl":"","ln":"","hd":false,"mn":"ADBE Vector Shape - Group","nm":"!","ix":1,"d":1,"ks":{"a":0,"k":{"c":true,"i":[[1.166,1.167],[1.866,0],[1.133,-1.2],[0,-1.933],[-1.134,-1.166],[-1.934,0],[-1.1,1.266],[0,2]],"o":[[-1.167,-1.166],[-1.867,0],[-1.134,1.2],[0,2.134],[1.133,1.166],[1.933,0],[1.1,-1.266],[0,-1.933]],"v":[[17.95,-10.35],[13.4,-12.1],[8.9,-10.3],[7.2,-5.6],[8.9,-0.65],[13.5,1.1],[18.05,-0.8],[19.7,-5.7]]},"ix":2}},{"ty":"sh","bm":0,"cl":"","ln":"","hd":false,"mn":"ADBE Vector Shape - Group","nm":"!","ix":2,"d":1,"ks":{"a":0,"k":{"c":true,"i":[[0,0],[0,0],[0,0],[0,0]],"o":[[0,0],[0,0],[0,0],[0,0]],"v":[[18.2,-70.3],[8.7,-68.8],[9.4,-17.4],[17.6,-17.4]]},"ix":2}}]}]}}],"assets":[]}